orderID,productID,unitPrice,quantity,discount
10248,4,22.0,24,0.1
10249,29,123.79,24,0
10249,18,62.5,22,0
10250,55,24.0,8,0
10250,5,21.35,18,0.05
10250,4,22.0,23,0.2
10250,12,38.0,8,0.25
10250,28,45.6,19,0.1
10251,21,10.0,23,0.2
10252,36,19.0,25,0.15
10252,20,81.0,4,0
10252,28,45.6,13,0
10253,45,9.5,24,0.25
10253,34,14.0,18,0
10253,6,25.0,30,0.2
10254,71,21.5,10,0.15
10255,25,14.0,3,0.05
10255,9,97.0,28,0
10255,6,25.0,13,0.1
10255,30,25.89,15,0.15
10255,38,263.5,6,0.15
10256,27,43.9,20,0
10256,35,18.0,18,0.05
10256,10,31.0,6,0.25
10257,35,18.0,27,0
10257,72,34.8,8,0
10257,29,123.79,26,0.15
10257,42,14.0,13,0.1
10258,28,45.6,30,0.15
10259,64,33.25,29,0.25
10259,51,53.0,5,0.1
10260,32,32.0,18,0.1
10260,72,34.8,24,0.2
10261,52,7.0,16,0
10261,47,9.5,25,0
10261,29,123.79,28,0
10261,18,62.5,5,0
10261,66,17.0,26,0.2
10262,9,97.0,17,0.1
10262,50,16.25,18,0
10262,49,20.0,22,0
10262,77,13.0,22,0.1
10262,60,34.0,25,0.15
10263,38,263.5,14,0
10264,1,18.0,17,0
10264,34,14.0,28,0.1
10264,65,21.05,27,0.05
10264,23,9.0,5,0.15
10265,70,15.0,30,0
10265,68,12.5,20,0.15
10266,3,10.0,8,0
10266,15,15.5,8,0
10266,47,9.5,3,0.25
10266,40,18.4,27,0
10267,17,39.0,17,0.2
10267,61,28.5,7,0.05
10267,71,21.5,23,0.1
10267,22,21.0,13,0.15
10267,34,14.0,15,0.25
10268,32,32.0,8,0
10269,3,10.0,8,0.05
10269,76,18.0,1,0
10269,71,21.5,23,0
10270,9,97.0,28,0.15
10270,5,21.35,3,0.05
10271,63,43.9,5,0.25
10271,28,45.6,8,0.25
10271,70,15.0,26,0.2
10272,13,6.0,12,0.2
10272,56,38.0,14,0.25
10273,13,6.0,2,0.2
10274,14,23.25,7,0.25
10274,32,32.0,5,0.2
10274,25,14.0,6,0.1
10275,32,32.0,4,0
10275,10,31.0,21,0
10275,57,19.5,3,0.05
10275,71,21.5,6,0.2
10276,62,49.3,6,0.2
10276,28,45.6,1,0.2
10276,52,7.0,9,0.25
10276,8,40.0,10,0.2
10277,63,43.9,2,0
10277,20,81.0,24,0.15
10277,25,14.0,2,0
10277,38,263.5,19,0.25
10277,28,45.6,17,0
10278,66,17.0,3,0
10279,77,13.0,3,0.05
10280,16,17.45,20,0
10280,73,15.0,20,0
10280,32,32.0,14,0.15
10280,75,7.75,30,0.1
10281,41,9.65,9,0.2
10281,31,12.5,5,0.1
10282,41,9.65,20,0
10282,10,31.0,3,0.05
10282,2,19.0,17,0.1
10282,59,55.0,5,0.15
10283,32,32.0,12,0.1
10284,57,19.5,23,0.1
10284,70,15.0,20,0
10285,39,18.0,29,0
10285,14,23.25,24,0
10285,18,62.5,9,0.1
10285,34,14.0,20,0.05
10285,15,15.5,23,0.15
10286,34,14.0,16,0.1
10286,65,21.05,29,0
10287,55,24.0,27,0.1
10288,1,18.0,11,0
10289,21,10.0,23,0.2
10289,57,19.5,18,0
10289,71,21.5,4,0
10290,70,15.0,27,0.15
10290,5,21.35,19,0
10291,17,39.0,29,0
10291,6,25.0,29,0.15
10291,40,18.4,7,0.05
10291,47,9.5,22,0
10292,72,34.8,30,0.05
10292,53,32.8,28,0
10292,20,81.0,26,0
10293,4,22.0,26,0.05
10293,23,9.0,9,0
10293,43,46.0,26,0
10293,53,32.8,13,0
10294,29,123.79,10,0.05
10294,26,31.23,8,0
10294,59,55.0,22,0.05
10294,45,9.5,13,0.15
10295,9,97.0,21,0.2
10295,36,19.0,22,0.15
10295,45,9.5,1,0
10296,23,9.0,2,0
10296,75,7.75,20,0.2
10296,34,14.0,12,0.15
10297,66,17.0,7,0.1
10297,15,15.5,2,0.2
10297,50,16.25,1,0.05
10297,74,10.0,12,0.2
10298,43,46.0,20,0.15
10299,39,18.0,17,0.1
10300,42,14.0,5,0.05
10300,52,7.0,14,0.2
10300,38,263.5,22,0
10300,71,21.5,20,0.1
10301,71,21.5,7,0.2
10301,1,18.0,26,0.15
10301,39,18.0,15,0.25
10301,37,26.0,15,0.05
10302,61,28.5,22,0.15
10302,22,21.0,3,0.05
10302,11,21.0,22,0.1
10302,37,26.0,8,0.05
10302,66,17.0,5,0
10303,32,32.0,16,0
10304,54,7.45,16,0.2
10304,74,10.0,8,0
10304,25,14.0,21,0
10304,50,16.25,29,0
10305,29,123.79,2,0.05
10305,23,9.0,30,0
10305,67,14.0,15,0
10305,60,34.0,26,0.25
10306,72,34.8,14,0.25
10306,77,13.0,29,0
10306,41,9.65,24,0.25
10306,57,19.5,15,0.1
10306,65,21.05,25,0.05
10307,67,14.0,9,0.25
10307,63,43.9,3,0.1
10307,31,12.5,8,0.1
10308,41,9.65,5,0
10308,70,15.0,8,0.2
10308,11,21.0,23,0
10309,9,97.0,14,0.15
10309,54,7.45,18,0.25
10310,8,40.0,29,0
10310,27,43.9,28,0.2
10310,54,7.45,16,0
10310,50,16.25,12,0.1
10311,54,7.45,16,0.05
10311,69,36.0,9,0.2
10311,70,15.0,16,0
10311,29,123.79,13,0.15
10312,22,21.0,1,0.2
10312,60,34.0,19,0
10312,17,39.0,3,0.2
10312,69,36.0,5,0.25
10313,7,30.0,13,0.15
10313,34,14.0,7,0.25
10314,44,19.45,25,0.2
10314,49,20.0,9,0
10314,36,19.0,16,0
10315,7,30.0,25,0
10315,45,9.5,8,0.05
10315,29,123.79,27,0
10315,9,97.0,20,0
10315,6,25.0,8,0
10316,15,15.5,23,0.1
10316,73,15.0,25,0.15
10316,28,45.6,6,0
10316,60,34.0,25,0
10317,14,23.25,30,0.1
10317,75,7.75,19,0.2
10317,4,22.0,13,0.05
10318,76,18.0,23,0.05
10319,39,18.0,28,0
10320,6,25.0,3,0.15
10320,45,9.5,1,0.2
10320,69,36.0,27,0.25
10320,55,24.0,4,0.2
10320,48,12.75,12,0.25
10321,56,38.0,24,0.1
10321,23,9.0,20,0.25
10322,56,38.0,28,0.05
10322,76,18.0,27,0
10322,35,18.0,9,0.25
10322,42,14.0,8,0.25
10323,49,20.0,6,0.25
10323,44,19.45,7,0.15
10323,4,22.0,26,0.1
10323,64,33.25,11,0.1
10323,42,14.0,29,0.1
10324,2,19.0,24,0.2
10324,67,14.0,16,0.05
10324,25,14.0,23,0.25
10324,11,21.0,21,0.25
10324,31,12.5,15,0
10325,38,263.5,8,0.2
10326,40,18.4,12,0.25
10326,75,7.75,18,0.15
10327,71,21.5,9,0.1
10327,43,46.0,9,0.05
10327,46,12.0,4,0.05
10327,59,55.0,11,0
10328,24,4.5,24,0.1
10328,25,14.0,4,0.05
10328,28,45.6,10,0.05
10328,62,49.3,12,0
10328,36,19.0,10,0
10329,17,39.0,10,0
10329,36,19.0,21,0.25
10329,6,25.0,4,0
10329,7,30.0,19,0.1
10329,71,21.5,16,0.25
10330,44,19.45,28,0.25
10330,24,4.5,4,0
10330,7,30.0,13,0.25
10330,33,2.5,3,0
10331,20,81.0,10,0
10331,73,15.0,8,0
10332,54,7.45,15,0.25
10332,77,13.0,10,0.2
10332,29,123.79,10,0
10332,67,14.0,20,0
10332,49,20.0,25,0.05
10333,34,14.0,6,0.05
10333,11,21.0,6,0
10334,1,18.0,15,0.25
10334,53,32.8,10,0
10335,37,26.0,3,0.05
10335,59,55.0,30,0.1
10336,26,31.23,21,0
10336,55,24.0,30,0.1
10336,15,15.5,27,0
10336,70,15.0,3,0
10336,29,123.79,6,0.1
10337,73,15.0,23,0.1
10337,37,26.0,23,0.2
10337,57,19.5,9,0.25
10337,16,17.45,15,0
10337,60,34.0,20,0
10338,42,14.0,8,0
10338,33,2.5,25,0.1
10338,4,22.0,19,0
10338,12,38.0,25,0
10339,67,14.0,19,0.2
10339,57,19.5,21,0.25
10339,36,19.0,3,0.25
10339,24,4.5,12,0.2
10340,42,14.0,11,0.2
10340,14,23.25,23,0.25
10340,21,10.0,10,0.2
10341,5,21.35,11,0
10341,59,55.0,25,0.2
10341,12,38.0,28,0
10341,41,9.65,22,0.25
10341,33,2.5,14,0
10342,67,14.0,20,0.25
10342,47,9.5,21,0.25
10343,27,43.9,9,0
10344,57,19.5,1,0.05
10344,63,43.9,23,0
10344,16,17.45,10,0
10345,53,32.8,4,0
10345,12,38.0,16,0.1
10345,29,123.79,17,0.1
10345,15,15.5,14,0.25
10345,60,34.0,16,0.05
10346,71,21.5,30,0
10346,19,9.2,28,0
10346,50,16.25,9,0.2
10346,25,14.0,11,0.1
10347,37,26.0,24,0.1
10348,75,7.75,16,0.15
10348,63,43.9,11,0.2
10348,20,81.0,15,0.15
10348,58,13.25,28,0.05
10348,69,36.0,23,0.05
10349,50,16.25,24,0.25
10349,30,25.89,23,0.2
10349,53,32.8,13,0
10349,6,25.0,16,0
10349,41,9.65,5,0.15
10350,57,19.5,4,0.25
10351,19,9.2,14,0
10352,61,28.5,26,0.1
10353,51,53.0,28,0.2
10353,11,21.0,11,0.25
10353,43,46.0,28,0
10354,9,97.0,14,0
10354,31,12.5,25,0
10354,37,26.0,15,0
10354,30,25.89,23,0.1
10354,12,38.0,29,0
10355,42,14.0,26,0
10356,46,12.0,5,0.05
10356,48,12.75,17,0.2
10356,56,38.0,19,0
10357,23,9.0,20,0.2
10357,11,21.0,20,0.05
10358,75,7.75,21,0.1
10358,19,9.2,15,0.1
10358,30,25.89,22,0
10358,60,34.0,29,0.25
10359,70,15.0,15,0.15
10359,21,10.0,19,0.1
10359,10,31.0,21,0.2
10360,59,55.0,13,0.25
10360,39,18.0,4,0.05
10360,26,31.23,13,0.15
10361,38,263.5,19,0
10361,3,10.0,30,0.25
10361,51,53.0,27,0.1
10361,36,19.0,25,0.05
10361,2,19.0,20,0.15
10362,25,14.0,22,0
10362,33,2.5,21,0
10363,40,18.4,26,0.25
10364,75,7.75,12,0
10365,38,263.5,11,0.2
10366,26,31.23,26,0.15
10366,17,39.0,17,0.1
10367,33,2.5,26,0.1
10367,62,49.3,24,0.15
10368,60,34.0,3,0
10369,51,53.0,12,0
10369,72,34.8,26,0.2
10370,34,14.0,18,0
10371,48,12.75,27,0.15
10371,34,14.0,4,0.05
10371,75,7.75,16,0
10371,49,20.0,20,0.15
10372,29,123.79,4,0
10372,9,97.0,2,0
10372,60,34.0,10,0.25
10372,39,18.0,4,0
10372,53,32.8,8,0
10373,59,55.0,19,0
10373,48,12.75,29,0.2
10373,70,15.0,21,0
10373,54,7.45,27,0.25
10374,53,32.8,15,0.25
10374,36,19.0,8,0.15
10374,5,21.35,4,0.15
10374,48,12.75,18,0.15
10374,28,45.6,2,0.2
10375,25,14.0,3,0.05
10375,16,17.45,21,0
10375,59,55.0,2,0.15
10376,17,39.0,7,0
10376,73,15.0,27,0.05
10377,28,45.6,1,0.1
10377,30,25.89,28,0
10377,43,46.0,5,0.1
10377,19,9.2,26,0
10377,77,13.0,4,0
10378,2,19.0,26,0.05
10378,46,12.0,19,0.15
10379,23,9.0,9,0
10380,54,7.45,4,0
10380,68,12.5,16,0.25
10381,66,17.0,15,0.05
10381,76,18.0,20,0
10381,14,23.25,24,0.1
10382,4,22.0,14,0
10382,8,40.0,16,0.25
10382,62,49.3,3,0
10382,52,7.0,11,0
10383,17,39.0,9,0.15
10384,77,13.0,17,0.2
10384,68,12.5,4,0
10384,38,263.5,28,0.05
10384,59,55.0,14,0.25
10385,53,32.8,27,0.25
10385,44,19.45,13,0.2
10386,41,9.65,14,0.15
10387,48,12.75,3,0
10387,20,81.0,27,0
10387,61,28.5,3,0.2
10388,48,12.75,26,0
10389,8,40.0,14,0.15
10389,76,18.0,28,0.2
10389,72,34.8,28,0
10389,43,46.0,10,0.1
10389,16,17.45,12,0
10390,65,21.05,28,0
10390,28,45.6,12,0.15
10390,20,81.0,4,0.1
10390,62,49.3,19,0.05
10390,29,123.79,26,0.2
10391,72,34.8,30,0.15
10391,4,22.0,12,0
10391,35,18.0,6,0
10391,24,4.5,19,0.2
10391,40,18.4,3,0
10392,12,38.0,24,0.05
10393,54,7.45,12,0.1
10393,59,55.0,24,0.15
10393,44,19.45,25,0
10393,21,10.0,29,0
10394,21,10.0,22,0
10394,7,30.0,9,0.25
10395,63,43.9,7,0
10395,57,19.5,12,0.2
10395,54,7.45,4,0.1
10395,35,18.0,22,0.25
10396,40,18.4,2,0
10396,6,25.0,7,0.1
10396,29,123.79,7,0
10396,51,53.0,25,0.1
10396,77,13.0,10,0.15
10397,1,18.0,16,0.2
10398,17,39.0,18,0.05
10398,49,20.0,17,0.15
10399,51,53.0,28,0
10400,3,10.0,19,0.2
10400,59,55.0,19,0.2
10400,10,31.0,23,0.2
10400,41,9.65,10,0
10401,3,10.0,27,0.15
10401,42,14.0,3,0.2
10401,22,21.0,28,0
10401,59,55.0,8,0.2
10402,52,7.0,24,0.15
10402,68,12.5,8,0.15
10402,11,21.0,25,0
10402,51,53.0,3,0
10402,40,18.4,17,0.05
10403,45,9.5,4,0
10403,19,9.2,9,0.05
10403,31,12.5,6,0
10404,23,9.0,25,0.25
10405,73,15.0,28,0.15
10405,75,7.75,5,0.25
10405,58,13.25,3,0.25
10405,42,14.0,15,0.1
10406,76,18.0,17,0
10406,8,40.0,10,0.25
10406,46,12.0,15,0
10407,48,12.75,27,0.1
10408,12,38.0,20,0.2
10409,75,7.75,30,0.05
10409,71,21.5,11,0.25
10409,6,25.0,17,0
10409,58,13.25,2,0.25
10410,44,19.45,23,0
10411,23,9.0,17,0
10411,6,25.0,12,0.15
10411,32,32.0,30,0.1
10411,57,19.5,13,0.2
10411,68,12.5,25,0.15
10412,7,30.0,22,0.2
10412,43,46.0,10,0.1
10412,9,97.0,24,0
10412,13,6.0,11,0
10412,72,34.8,19,0
10413,40,18.4,20,0
10413,51,53.0,10,0.2
10413,17,39.0,21,0.15
10414,68,12.5,21,0.2
10414,12,38.0,17,0.15
10415,47,9.5,10,0
10416,44,19.45,7,0.05
10416,63,43.9,5,0
10417,38,263.5,28,0
10418,70,15.0,20,0.2
10418,68,12.5,5,0
10418,5,21.35,6,0
10418,44,19.45,24,0.25
10418,17,39.0,2,0.2
10419,31,12.5,25,0.25
10419,57,19.5,8,0.05
10419,37,26.0,10,0.25
10420,48,12.75,15,0.25
10420,74,10.0,25,0.1
10421,65,21.05,27,0.05
10421,68,12.5,26,0
10421,54,7.45,28,0.1
10421,21,10.0,2,0.25
10422,71,21.5,28,0
10422,14,23.25,10,0
10422,67,14.0,25,0
10423,58,13.25,27,0.2
10423,66,17.0,3,0.05
10423,19,9.2,27,0.25
10424,4,22.0,13,0.15
10424,54,7.45,8,0.2
10424,7,30.0,3,0.15
10425,4,22.0,30,0
10425,41,9.65,27,0.15
10426,18,62.5,10,0.25
10426,5,21.35,23,0
10427,58,13.25,9,0.05
10427,1,18.0,27,0
10427,11,21.0,18,0.2
10427,3,10.0,4,0.1
10428,39,18.0,2,0.05
10428,16,17.45,14,0.25
10429,15,15.5,27,0.25
10430,69,36.0,23,0
10430,3,10.0,10,0.2
10430,66,17.0,1,0.15
10430,74,10.0,8,0.2
10430,31,12.5,6,0
10431,47,9.5,26,0
10431,9,97.0,13,0.25
10431,68,12.5,2,0.2
10431,70,15.0,12,0.1
10431,65,21.05,24,0
10432,9,97.0,24,0
10432,45,9.5,25,0.15
10432,31,12.5,5,0
10433,70,15.0,27,0.25
10433,44,19.45,23,0.25
10433,23,9.0,21,0
10434,9,97.0,2,0.1
10434,59,55.0,7,0
10435,6,25.0,30,0.1
10435,41,9.65,17,0.2
10436,61,28.5,12,0
10436,33,2.5,28,0.15
10436,5,21.35,9,0
10436,25,14.0,26,0.15
10436,37,26.0,14,0.2
10437,50,16.25,23,0.25
10437,44,19.45,12,0.1
10437,24,4.5,26,0
10437,64,33.25,24,0.2
10438,56,38.0,20,0
10439,38,263.5,15,0.2
10439,42,14.0,6,0.25
10439,14,23.25,12,0.25
10439,11,21.0,2,0.15
10439,40,18.4,20,0.2
10440,8,40.0,12,0
10440,10,31.0,1,0
10440,52,7.0,28,0.25
10441,17,39.0,3,0.05
10442,47,9.5,2,0
10442,50,16.25,22,0.25
10442,73,15.0,12,0.15
10443,10,31.0,12,0.2
10443,74,10.0,11,0.1
10443,18,62.5,8,0
10443,68,12.5,1,0
10444,67,14.0,9,0.1
10444,50,16.25,23,0.25
10444,72,34.8,7,0.1
10444,16,17.45,23,0.25
10445,16,17.45,28,0
10445,18,62.5,15,0
10446,12,38.0,18,0.1
10446,41,9.65,29,0.1
10446,45,9.5,28,0
10446,9,97.0,23,0
10447,66,17.0,7,0
10447,29,123.79,8,0.25
10447,16,17.45,1,0.15
10448,74,10.0,20,0
10448,48,12.75,3,0.1
10448,60,34.0,13,0.25
10448,71,21.5,17,0.2
10448,17,39.0,25,0.2
10449,10,31.0,22,0.15
10449,17,39.0,5,0
10449,41,9.65,25,0
10449,58,13.25,14,0
10449,60,34.0,27,0
10450,20,81.0,30,0.05
10450,39,18.0,12,0.1
10450,22,21.0,28,0
10450,21,10.0,9,0.05
10450,42,14.0,21,0.1
10451,39,18.0,3,0
10451,69,36.0,19,0
10452,44,19.45,2,0
10452,73,15.0,3,0
10453,34,14.0,16,0.1
10453,27,43.9,21,0.1
10453,74,10.0,16,0.05
10453,54,7.45,26,0.2
10453,4,22.0,10,0.25
10454,8,40.0,6,0.25
10455,62,49.3,20,0
10455,60,34.0,11,0.15
10455,27,43.9,24,0.15
10455,44,19.45,13,0
10456,66,17.0,11,0.05
10456,72,34.8,15,0
10456,14,23.25,9,0.25
10457,19,9.2,2,0.1
10457,13,6.0,13,0.2
10458,21,10.0,30,0.15
10458,42,14.0,7,0
10459,66,17.0,16,0
10459,60,34.0,3,0.2
10459,64,33.25,17,0.25
10459,40,18.4,8,0.05
10460,46,12.0,29,0.25
10460,7,30.0,10,0
10460,37,26.0,28,0
10460,64,33.25,14,0
10460,77,13.0,29,0.1
10461,52,7.0,13,0
10461,47,9.5,19,0.05
10461,6,25.0,12,0.1
10462,50,16.25,17,0.25
10463,36,19.0,12,0.15
10463,16,17.45,18,0.15
10463,17,39.0,25,0
10463,13,6.0,7,0.2
10463,51,53.0,17,0
10464,5,21.35,5,0.15
10465,67,14.0,5,0.15
10465,59,55.0,30,0.15
10465,20,81.0,6,0.2
10465,66,17.0,20,0.1
10466,44,19.45,23,0.1
10466,65,21.05,16,0
10466,66,17.0,12,0.15
10466,69,36.0,22,0
10466,63,43.9,14,0.1
10467,77,13.0,16,0.1
10468,74,10.0,6,0.2
10468,30,25.89,5,0.05
10468,7,30.0,2,0
10468,75,7.75,7,0
10468,62,49.3,15,0.15
10469,20,81.0,25,0.25
10469,53,32.8,28,0
10469,27,43.9,23,0
10469,65,21.05,17,0.05
10470,42,14.0,6,0.25
10470,62,49.3,30,0.15
10470,68,12.5,18,0.15
10470,49,20.0,22,0.1
10470,41,9.65,20,0.25
10471,32,32.0,18,0.1
10471,36,19.0,8,0.1
10472,27,43.9,16,0.15
10472,63,43.9,18,0.1
10472,41,9.65,10,0
10473,70,15.0,10,0
10473,49,20.0,10,0
10473,51,53.0,12,0.25
10473,45,9.5,21,0.1
10473,19,9.2,24,0.25
10474,26,31.23,9,0.1
10474,69,36.0,5,0
10475,76,18.0,8,0.05
10475,31,12.5,2,0
10475,32,32.0,14,0.15
10475,7,30.0,23,0.25
10475,68,12.5,4,0
10476,71,21.5,30,0
10477,61,28.5,11,0.1
10477,62,49.3,21,0
10477,26,31.23,30,0
10477,37,26.0,21,0.05
10478,5,21.35,6,0.1
10478,23,9.0,29,0
10478,54,7.45,1,0.1
10478,51,53.0,19,0
10478,64,33.25,30,0.15
10479,59,55.0,16,0
10479,70,15.0,28,0.25
10479,68,12.5,9,0.05
10480,43,46.0,6,0.25
10481,24,4.5,26,0.1
10481,2,19.0,19,0.05
10481,44,19.45,6,0.2
10482,66,17.0,22,0
10482,42,14.0,6,0
10482,12,38.0,16,0.15
10482,52,7.0,30,0.05
10483,34,14.0,13,0.05
10484,35,18.0,24,0
10484,43,46.0,9,0.15
10484,39,18.0,23,0.05
10484,75,7.75,2,0
10485,40,18.4,30,0.1
10485,21,10.0,23,0
10485,52,7.0,21,0.1
10485,65,21.05,12,0.05
10486,18,62.5,5,0.25
10486,62,49.3,24,0.15
10487,71,21.5,25,0.05
10487,61,28.5,22,0
10487,69,36.0,17,0.25
10487,28,45.6,17,0.15
10488,73,15.0,4,0
10489,65,21.05,6,0.15
10489,26,31.23,28,0.25
10489,74,10.0,4,0.05
10489,69,36.0,23,0.25
10489,20,81.0,3,0.25
10490,59,55.0,5,0.2
10491,73,15.0,22,0.1
10491,8,40.0,24,0
10491,72,34.8,13,0.1
10491,60,34.0,27,0
10492,75,7.75,2,0.2
10492,10,31.0,12,0
10493,8,40.0,14,0
10493,9,97.0,25,0
10493,61,28.5,25,0.2
10493,5,21.35,12,0.2
10493,37,26.0,15,0.2
10494,11,21.0,4,0
10494,70,15.0,18,0.2
10494,18,62.5,17,0
10494,45,9.5,24,0.05
10495,3,10.0,10,0.25
10496,55,24.0,15,0.15
10496,69,36.0,5,0.1
10496,49,20.0,7,0
10496,30,25.89,2,0.2
10496,32,32.0,20,0
10497,27,43.9,4,0
10497,9,97.0,15,0
10498,6,25.0,15,0.05
10498,52,7.0,18,0.05
10499,18,62.5,17,0.1
10500,74,10.0,19,0.15
10500,41,9.65,8,0.1
10501,67,14.0,14,0.1
10501,29,123.79,9,0
10502,76,18.0,2,0.15
10502,23,9.0,21,0.2
10502,55,24.0,26,0.15
10502,72,34.8,23,0.2
10502,64,33.25,14,0
10503,49,20.0,16,0.05
10503,24,4.5,28,0.05
10503,69,36.0,10,0
10504,8,40.0,18,0
10504,72,34.8,13,0.05
10504,53,32.8,9,0.05
10504,54,7.45,11,0
10505,48,12.75,2,0.1
10505,12,38.0,13,0
10505,69,36.0,28,0
10505,25,14.0,7,0.05
10506,27,43.9,7,0.05
10506,43,46.0,24,0
10506,39,18.0,24,0.25
10506,2,19.0,30,0.05
10507,27,43.9,25,0.1
10507,51,53.0,13,0.25
10507,31,12.5,18,0.15
10507,71,21.5,10,0.1
10507,42,14.0,12,0.25
10508,13,6.0,12,0.15
10508,61,28.5,14,0
10508,41,9.65,19,0.05
10508,27,43.9,24,0
10509,34,14.0,18,0.2
10510,20,81.0,8,0.2
10510,26,31.23,19,0.05
10510,43,46.0,16,0.15
10511,63,43.9,24,0.15
10511,59,55.0,6,0
10511,22,21.0,24,0.25
10512,70,15.0,17,0
10512,8,40.0,27,0
10513,1,18.0,14,0
10514,9,97.0,1,0.05
10514,20,81.0,17,0.25
10515,8,40.0,1,0
10515,62,49.3,18,0.2
10515,63,43.9,1,0
10516,36,19.0,27,0.2
10516,69,36.0,26,0
10516,37,26.0,4,0
10516,3,10.0,17,0
10516,65,21.05,8,0.05
10517,68,12.5,3,0.15
10517,33,2.5,13,0.25
10517,46,12.0,19,0.05
10517,35,18.0,23,0.05
10517,51,53.0,10,0
10518,12,38.0,13,0.2
10519,71,21.5,23,0
10519,61,28.5,3,0.25
10519,8,40.0,28,0.2
10519,2,19.0,21,0.15
10520,13,6.0,29,0.25
10520,68,12.5,9,0
10520,6,25.0,30,0
10520,30,25.89,22,0.1
10520,28,45.6,29,0
10521,41,9.65,7,0
10521,3,10.0,25,0.2
10522,39,18.0,6,0.05
10523,50,16.25,17,0.15
10523,70,15.0,2,0
10523,43,46.0,14,0.05
10523,18,62.5,27,0
10523,11,21.0,11,0.2
10524,4,22.0,16,0.05
10524,35,18.0,12,0.2
10524,58,13.25,14,0
10525,49,20.0,3,0.1
10525,11,21.0,5,0.2
10525,38,263.5,23,0
10525,32,32.0,24,0.2
10525,10,31.0,11,0.15
10526,12,38.0,1,0.1
10527,47,9.5,3,0
10527,35,18.0,14,0.25
10527,14,23.25,18,0.2
10527,17,39.0,4,0
10528,46,12.0,18,0
10529,77,13.0,14,0.2
10529,42,14.0,25,0
10529,50,16.25,24,0.05
10529,2,19.0,19,0
10529,38,263.5,22,0.2
10530,18,62.5,10,0.1
10530,35,18.0,16,0
10531,22,21.0,14,0.1
10532,39,18.0,9,0.05
10532,62,49.3,24,0.25
10532,10,31.0,20,0.05
10532,47,9.5,15,0
10533,39,18.0,13,0.15
10533,1,18.0,27,0.2
10534,57,19.5,27,0
10534,43,46.0,10,0.15
10534,56,38.0,20,0.05
10535,41,9.65,24,0.25
10535,23,9.0,19,0.05
10535,51,53.0,11,0.2
10535,38,263.5,9,0.2
10536,15,15.5,19,0
10536,73,15.0,22,0
10536,26,31.23,24,0.25
10537,57,19.5,27,0
10537,38,263.5,27,0.2
10538,18,62.5,22,0
10538,39,18.0,23,0.2
10538,31,12.5,26,0.2
10538,33,2.5,3,0.25
10539,62,49.3,30,0.2
10539,75,7.75,18,0
10539,52,7.0,26,0.15
10539,69,36.0,23,0
10539,65,21.05,4,0.05
10540,22,21.0,21,0.2
10540,6,25.0,25,0.15
10540,73,15.0,26,0.2
10541,2,19.0,4,0.1
10542,66,17.0,18,0.05
10542,67,14.0,15,0.15
10543,60,34.0,12,0
10543,76,18.0,16,0
10543,65,21.05,10,0.2
10543,20,81.0,30,0
10544,19,9.2,12,0.1
10545,59,55.0,16,0.15
10545,27,43.9,16,0
10545,67,14.0,15,0.25
10546,9,97.0,26,0
10546,39,18.0,1,0.15
10546,6,25.0,21,0
10547,32,32.0,6,0
10547,67,14.0,11,0.2
10548,30,25.89,13,0
10548,52,7.0,24,0.05
10548,24,4.5,15,0.2
10548,56,38.0,13,0
10549,27,43.9,25,0
10549,36,19.0,19,0
10550,24,4.5,4,0.1
10550,47,9.5,22,0.25
10550,42,14.0,17,0.15
10550,26,31.23,20,0.2
10550,59,55.0,20,0.2
10551,15,15.5,27,0.1
10551,45,9.5,30,0
10551,46,12.0,22,0
10551,59,55.0,11,0
10551,23,9.0,8,0.1
10552,24,4.5,12,0
10553,50,16.25,13,0.2
10553,54,7.45,6,0.25
10553,77,13.0,21,0
10553,18,62.5,18,0
10553,74,10.0,16,0.1
10554,24,4.5,27,0.25
10554,41,9.65,20,0
10555,2,19.0,7,0.2
10555,63,43.9,18,0.25
10555,18,62.5,14,0.25
10556,57,19.5,19,0
10556,63,43.9,26,0.05
10556,22,21.0,10,0
10556,11,21.0,9,0.05
10557,37,26.0,18,0
10557,22,21.0,19,0
10557,59,55.0,9,0.15
10557,73,15.0,18,0
10557,64,33.25,25,0.25
10558,28,45.6,28,0
10558,55,24.0,15,0.1
10558,14,23.25,12,0
10558,32,32.0,15,0
10558,39,18.0,25,0.05
10559,76,18.0,28,0.2
10559,45,9.5,6,0
10560,27,43.9,19,0.15
10560,8,40.0,18,0.1
10561,69,36.0,9,0
10561,22,21.0,5,0.2
10561,42,14.0,30,0
10561,38,263.5,9,0
10561,74,10.0,23,0
10562,19,9.2,27,0.05
10562,42,14.0,25,0.2
10563,19,9.2,13,0.25
10563,74,10.0,3,0
10563,35,18.0,13,0.1
10563,54,7.45,23,0.15
10564,63,43.9,28,0
10564,42,14.0,24,0.25
10564,75,7.75,21,0.15
10564,1,18.0,28,0
10565,51,53.0,11,0.1
10565,28,45.6,11,0
10565,55,24.0,19,0.25
10565,64,33.25,26,0.15
10565,35,18.0,29,0
10566,13,6.0,21,0.25
10567,16,17.45,30,0
10568,59,55.0,23,0
10568,1,18.0,29,0.1
10568,55,24.0,6,0.1
10568,26,31.23,3,0.15
10569,11,21.0,2,0.2
10569,48,12.75,21,0.1
10569,22,21.0,24,0.05
10570,12,38.0,16,0
10570,13,6.0,5,0.05
10570,1,18.0,17,0.25
10570,28,45.6,1,0
10571,16,17.45,16,0
10571,55,24.0,8,0.2
10571,17,39.0,3,0
10572,41,9.65,12,0.1
10573,49,20.0,21,0
10573,18,62.5,3,0
10574,22,21.0,30,0.2
10574,57,19.5,20,0.25
10574,45,9.5,28,0.05
10574,28,45.6,3,0
10574,20,81.0,5,0
10575,50,16.25,8,0.1
10575,45,9.5,21,0
10575,55,24.0,8,0.1
10575,41,9.65,25,0
10575,18,62.5,28,0.1
10576,67,14.0,7,0.2
10576,66,17.0,10,0
10577,64,33.25,4,0.05
10577,50,16.25,16,0
10578,2,19.0,28,0.2
10578,47,9.5,12,0
10578,41,9.65,25,0.25
10578,17,39.0,25,0
10578,50,16.25,1,0
10579,34,14.0,7,0
10580,51,53.0,17,0.1
10581,54,7.45,18,0
10581,55,24.0,9,0
10581,52,7.0,10,0
10581,11,21.0,17,0.05
10581,69,36.0,26,0
10582,42,14.0,23,0.2
10582,51,53.0,24,0.05
10582,76,18.0,2,0.05
10582,9,97.0,3,0.2
10582,40,18.4,4,0.25
10583,8,40.0,23,0
10583,40,18.4,23,0
10583,23,9.0,6,0.25
10583,16,17.45,12,0.1
10583,2,19.0,6,0.15
10584,35,18.0,25,0
10584,16,17.45,11,0.2
10585,68,12.5,23,0
10585,9,97.0,16,0.25
10585,34,14.0,17,0.15
10586,64,33.25,28,0
10587,21,10.0,29,0
10587,33,2.5,8,0
10587,14,23.25,2,0
10588,6,25.0,12,0.2
10588,61,28.5,30,0
10589,5,21.35,26,0.2
10589,71,21.5,8,0.15
10590,54,7.45,9,0
10590,41,9.65,19,0.15
10591,65,21.05,22,0
10592,29,123.79,2,0.2
10592,67,14.0,3,0.25
10593,40,18.4,18,0.25
10593,42,14.0,1,0.15
10593,12,38.0,7,0.1
10594,39,18.0,16,0.05
10594,32,32.0,24,0.05
10594,60,34.0,5,0
10594,48,12.75,30,0.2
10594,76,18.0,1,0.05
10595,45,9.5,28,0.1
10595,2,19.0,4,0.05
10595,43,46.0,17,0.05
10595,1,18.0,14,0.25
10595,49,20.0,2,0
10596,12,38.0,29,0.2
10596,6,25.0,23,0.15
10596,30,25.89,15,0
10597,13,6.0,19,0
10597,65,21.05,14,0
10597,18,62.5,8,0.1
10597,51,53.0,9,0.15
10597,10,31.0,30,0.2
10598,41,9.65,8,0
10598,58,13.25,7,0
10598,35,18.0,25,0
10599,14,23.25,15,0.25
10599,22,21.0,11,0.2
10600,69,36.0,12,0.05
10601,40,18.4,3,0
10601,60,34.0,26,0.1
10601,34,14.0,27,0
10601,16,17.45,7,0.15
10602,12,38.0,12,0.2
10602,32,32.0,17,0
10603,34,14.0,13,0.25
10603,23,9.0,18,0.05
10603,4,22.0,4,0.25
10604,18,62.5,4,0
10605,29,123.79,5,0.05
10606,48,12.75,9,0
10606,11,21.0,1,0
10606,75,7.75,7,0.25
10606,76,18.0,26,0
10607,43,46.0,4,0
10608,7,30.0,27,0.2
10608,22,21.0,16,0
10608,74,10.0,13,0.2
10608,56,38.0,6,0.15
10609,24,4.5,9,0.25
10609,36,19.0,29,0
10610,32,32.0,21,0.1
10611,53,32.8,3,0.1
10611,71,21.5,13,0
10611,62,49.3,14,0.05
10611,8,40.0,21,0.05
10612,3,10.0,26,0.25
10612,49,20.0,12,0.15
10612,46,12.0,13,0.1
10612,62,49.3,6,0
10612,70,15.0,11,0.05
10613,36,19.0,2,0.25
10614,46,12.0,8,0.05
10614,75,7.75,9,0
10614,30,25.89,25,0.05
10614,21,10.0,19,0.2
10614,13,6.0,12,0
10615,31,12.5,11,0.15
10615,76,18.0,30,0
10616,73,15.0,27,0.25
10616,19,9.2,18,0.1
10616,25,14.0,6,0.25
10617,12,38.0,2,0.05
10618,29,123.79,11,0.05
10618,3,10.0,26,0
10618,68,12.5,11,0
10618,62,49.3,30,0.15
10618,1,18.0,2,0
10619,76,18.0,25,0
10619,19,9.2,28,0.15
10620,48,12.75,23,0.2
10621,13,6.0,6,0.2
10621,44,19.45,26,0.25
10621,39,18.0,21,0.15
10621,42,14.0,6,0.15
10621,18,62.5,8,0
10622,40,18.4,24,0
10622,38,263.5,23,0.2
10622,17,39.0,28,0
10622,23,9.0,6,0.15
10623,29,123.79,11,0
10623,73,15.0,8,0.15
10623,14,23.25,11,0
10623,64,33.25,21,0
10623,19,9.2,27,0.15
10624,2,19.0,23,0
10624,34,14.0,12,0.1
10624,27,43.9,26,0
10624,32,32.0,24,0
10625,50,16.25,15,0.2
10626,53,32.8,29,0.2
10626,64,33.25,12,0.2
10627,62,49.3,26,0.05
10628,58,13.25,26,0
10628,10,31.0,10,0
10629,34,14.0,11,0
10629,14,23.25,29,0.2
10629,10,31.0,6,0
10630,12,38.0,14,0
10630,44,19.45,20,0.2
10630,77,13.0,6,0
10630,62,49.3,4,0.15
10630,4,22.0,7,0.05
10631,71,21.5,10,0.05
10631,70,15.0,4,0
10631,34,14.0,13,0.25
10631,37,26.0,5,0
10632,1,18.0,10,0.25
10632,55,24.0,7,0
10632,12,38.0,1,0.05
10633,38,263.5,16,0
10633,11,21.0,10,0.2
10634,63,43.9,13,0
10634,34,14.0,12,0.2
10634,12,38.0,12,0
10634,70,15.0,15,0
10635,57,19.5,8,0.1
10635,60,34.0,19,0
10635,34,14.0,5,0
10636,45,9.5,26,0.2
10637,30,25.89,14,0.25
10637,71,21.5,19,0.05
10637,8,40.0,16,0.1
10637,50,16.25,3,0.2
10637,67,14.0,29,0
10638,74,10.0,6,0
10638,67,14.0,7,0.05
10638,19,9.2,5,0
10638,16,17.45,14,0
10638,58,13.25,22,0.2
10639,19,9.2,9,0.15
10639,77,13.0,30,0
10640,50,16.25,18,0.2
10641,42,14.0,26,0.2
10641,36,19.0,4,0.2
10641,67,14.0,5,0
10641,59,55.0,19,0
10641,2,19.0,30,0
10642,13,6.0,9,0.2
10642,37,26.0,21,0.25
10642,69,36.0,19,0.25
10642,45,9.5,2,0
10642,53,32.8,9,0.2
10643,52,7.0,13,0.15
10643,5,21.35,23,0.05
10644,61,28.5,30,0.1
10645,3,10.0,10,0.1
10645,44,19.45,27,0.25
10645,39,18.0,28,0
10646,18,62.5,24,0.25
10646,39,18.0,25,0.15
10647,54,7.45,15,0.05
10647,12,38.0,30,0.2
10647,25,14.0,24,0.25
10648,48,12.75,10,0.2
10648,8,40.0,5,0
10648,66,17.0,6,0.05
10648,21,10.0,29,0.05
10648,9,97.0,27,0
10649,5,21.35,2,0.15
10649,59,55.0,23,0.05
10650,48,12.75,13,0
10650,60,34.0,22,0
10650,65,21.05,8,0.15
10651,77,13.0,19,0.15
10651,58,13.25,12,0
10651,23,9.0,27,0.1
10651,61,28.5,24,0
10652,4,22.0,6,0.05
10652,50,16.25,28,0.05
10652,7,30.0,21,0.05
10653,35,18.0,17,0
10653,53,32.8,28,0
10654,17,39.0,8,0.1
10654,23,9.0,20,0.1
10654,77,13.0,23,0.1
10654,2,19.0,14,0.2
10655,59,55.0,15,0.1
10655,33,2.5,22,0.2
10655,28,45.6,19,0
10656,66,17.0,22,0.15
10657,77,13.0,3,0.15
10657,37,26.0,9,0.15
10657,39,18.0,28,0.1
10657,14,23.25,9,0.1
10657,62,49.3,7,0
10658,31,12.5,22,0
10658,8,40.0,24,0
10658,77,13.0,21,0.25
10658,52,7.0,10,0.1
10658,41,9.65,30,0.2
10659,50,16.25,27,0.05
10659,5,21.35,11,0.05
10659,75,7.75,22,0.25
10659,74,10.0,30,0.15
10660,39,18.0,4,0.25
10660,22,21.0,5,0.1
10660,72,34.8,24,0
10660,24,4.5,22,0.15
10660,38,263.5,21,0
10661,46,12.0,24,0.1
10661,29,123.79,14,0.15
10662,34,14.0,15,0
10662,75,7.75,16,0
10662,38,263.5,28,0
10663,25,14.0,17,0.1
10663,65,21.05,14,0
10663,16,17.45,28,0
10663,49,20.0,5,0.05
10664,53,32.8,5,0.15
10664,73,15.0,28,0
10664,59,55.0,25,0
10665,43,46.0,1,0.25
10665,23,9.0,9,0.05
10665,41,9.65,25,0
10665,8,40.0,19,0
10666,12,38.0,13,0.2
10666,17,39.0,16,0.2
10666,56,38.0,1,0
10666,55,24.0,18,0.05
10667,2,19.0,7,0
10667,42,14.0,22,0
10667,68,12.5,21,0.05
10668,45,9.5,5,0
10668,40,18.4,13,0.1
10669,9,97.0,10,0.1
10669,6,25.0,15,0.15
10670,18,62.5,25,0.05
10670,44,19.45,6,0.2
10670,63,43.9,1,0.05
10670,46,12.0,8,0
10671,3,10.0,17,0
10671,76,18.0,4,0.15
10672,49,20.0,29,0.1
10673,7,30.0,14,0.25
10673,77,13.0,13,0
10673,14,23.25,18,0.1
10673,3,10.0,16,0
10673,15,15.5,7,0
10674,54,7.45,9,0
10674,13,6.0,14,0
10674,67,14.0,17,0
10675,15,15.5,7,0.05
10675,14,23.25,25,0.1
10675,64,33.25,27,0.05
10676,53,32.8,2,0.25
10676,38,263.5,30,0.05
10676,21,10.0,23,0.25
10677,31,12.5,22,0
10677,1,18.0,30,0
10677,2,19.0,27,0.25
10678,12,38.0,3,0
10678,66,17.0,29,0.1
10679,59,55.0,9,0.25
10679,38,263.5,2,0
10680,6,25.0,12,0.15
10680,38,263.5,14,0
10681,6,25.0,1,0
10682,43,46.0,29,0.25
10682,46,12.0,20,0.1
10683,48,12.75,27,0.15
10684,15,15.5,13,0.25
10684,52,7.0,9,0.2
10685,54,7.45,23,0
10685,22,21.0,28,0
10685,15,15.5,4,0.2
10685,17,39.0,30,0.25
10686,57,19.5,28,0
10686,24,4.5,16,0.25
10686,49,20.0,4,0.2
10686,46,12.0,15,0
10686,4,22.0,3,0.1
10687,2,19.0,24,0.05
10687,68,12.5,22,0.15
10687,74,10.0,17,0
10688,32,32.0,5,0
10688,62,49.3,1,0
10688,45,9.5,17,0.25
10688,50,16.25,28,0.25
10689,10,31.0,11,0.05
10689,63,43.9,11,0.1
10690,65,21.05,8,0.2
10691,31,12.5,26,0.25
10691,11,21.0,3,0.25
10691,59,55.0,15,0.15
10691,57,19.5,4,0.25
10692,14,23.25,13,0.2
10693,72,34.8,18,0
10694,39,18.0,29,0.05
10695,44,19.45,28,0.25
10695,47,9.5,11,0.25
10695,7,30.0,23,0.15
10695,29,123.79,23,0.25
10696,13,6.0,25,0.05
10697,44,19.45,12,0.1
10698,67,14.0,16,0
10698,48,12.75,27,0.2
10698,14,23.25,4,0.1
10698,6,25.0,20,0.05
10698,22,21.0,7,0
10699,28,45.6,4,0.2
10699,59,55.0,2,0
10699,25,14.0,25,0.25
10699,44,19.45,15,0
10700,1,18.0,30,0.2
10700,68,12.5,27,0.25
10700,7,30.0,30,0
10700,71,21.5,23,0
10701,14,23.25,22,0.15
10701,50,16.25,17,0.2
10702,32,32.0,10,0.25
10702,36,19.0,26,0
10702,51,53.0,5,0.2
10702,44,19.45,20,0.1
10703,41,9.65,20,0.1
10703,71,21.5,22,0.15
10703,28,45.6,30,0
10703,26,31.23,23,0
10703,27,43.9,17,0.15
10704,46,12.0,18,0.25
10705,74,10.0,26,0
10705,54,7.45,17,0
10705,69,36.0,1,0.2
10705,37,26.0,5,0
10705,55,24.0,22,0
10706,35,18.0,10,0.1
10706,21,10.0,5,0
10707,27,43.9,12,0.25
10707,70,15.0,4,0.05
10707,5,21.35,24,0.2
10708,66,17.0,23,0
10708,37,26.0,30,0.2
10709,54,7.45,1,0.1
10709,41,9.65,7,0.25
10709,71,21.5,27,0.05
10709,7,30.0,30,0.15
10710,70,15.0,6,0
10710,26,31.23,6,0
10710,25,14.0,24,0
10710,38,263.5,13,0
10710,58,13.25,14,0.1
10711,34,14.0,1,0.15
10711,17,39.0,15,0
10711,21,10.0,2,0
10711,75,7.75,30,0.15
10711,33,2.5,20,0
10712,39,18.0,3,0.15
10712,63,43.9,17,0.05
10712,74,10.0,6,0
10712,71,21.5,26,0
10712,46,12.0,14,0.2
10713,45,9.5,8,0.05
10714,43,46.0,7,0.25
10714,47,9.5,18,0
10714,38,263.5,4,0.15
10715,31,12.5,13,0
10715,32,32.0,13,0.1
10715,6,25.0,18,0.1
10715,42,14.0,1,0.15
10716,66,17.0,29,0.05
10716,58,13.25,11,0
10716,63,43.9,4,0
10716,6,25.0,25,0
10716,38,263.5,21,0
10717,28,45.6,27,0
10717,55,24.0,7,0.2
10718,20,81.0,1,0.25
10719,5,21.35,2,0
10719,12,38.0,26,0.1
10719,10,31.0,18,0
10720,30,25.89,21,0.2
10720,34,14.0,14,0.15
10720,53,32.8,1,0.2
10720,50,16.25,22,0
10720,58,13.25,18,0
10721,9,97.0,30,0
10721,75,7.75,10,0.1
10721,6,25.0,20,0
10721,10,31.0,10,0.25
10721,46,12.0,13,0.2
10722,61,28.5,6,0.05
10723,51,53.0,10,0
10723,70,15.0,10,0.15
10724,71,21.5,28,0
10725,6,25.0,1,0.2
10726,71,21.5,7,0.2
10726,11,21.0,29,0
10726,40,18.4,6,0
10726,27,43.9,8,0.1
10726,45,9.5,7,0
10727,73,15.0,28,0.25
10727,7,30.0,21,0
10728,9,97.0,7,0.25
10728,33,2.5,11,0.15
10728,13,6.0,5,0.05
10729,37,26.0,20,0
10730,41,9.65,15,0.15
10730,63,43.9,20,0.1
10731,20,81.0,6,0
10731,73,15.0,11,0.05
10731,47,9.5,26,0.05
10731,41,9.65,23,0.2
10731,55,24.0,9,0.15
10732,43,46.0,15,0.25
10732,62,49.3,12,0.1
10733,71,21.5,27,0.1
10733,14,23.25,28,0
10733,23,9.0,29,0.05
10733,11,21.0,9,0
10734,3,10.0,28,0
10735,75,7.75,18,0.1
10735,52,7.0,18,0.25
10735,76,18.0,21,0
10735,28,45.6,12,0.2
10735,5,21.35,8,0.1
10736,60,34.0,17,0
10736,65,21.05,13,0.15
10737,2,19.0,15,0
10737,31,12.5,6,0
10737,22,21.0,24,0.25
10737,66,17.0,12,0
10737,18,62.5,8,0.25
10738,9,97.0,12,0.05
10738,34,14.0,2,0.05
10739,47,9.5,2,0.15
10739,50,16.25,4,0.1
10739,61,28.5,27,0.1
10739,59,55.0,19,0
10739,6,25.0,13,0.2
10740,76,18.0,9,0.2
10740,10,31.0,30,0.05
10740,67,14.0,17,0.2
10741,45,9.5,29,0
10741,63,43.9,17,0
10741,62,49.3,15,0
10742,10,31.0,21,0.1
10742,66,17.0,7,0
10743,21,10.0,20,0
10743,47,9.5,22,0.05
10744,43,46.0,19,0
10744,15,15.5,21,0.2
10744,62,49.3,1,0.05
10744,27,43.9,2,0
10745,76,18.0,29,0
10745,21,10.0,2,0
10745,18,62.5,9,0
10745,66,17.0,17,0.2
10745,6,25.0,20,0
10746,11,21.0,20,0.25
10746,28,45.6,28,0.25
10746,58,13.25,6,0.05
10747,77,13.0,20,0.1
10747,19,9.2,6,0.15
10747,75,7.75,30,0.25
10747,24,4.5,20,0
10748,49,20.0,5,0
10748,50,16.25,1,0.05
10749,65,21.05,16,0
10749,54,7.45,29,0
10749,20,81.0,3,0.25
10749,13,6.0,22,0
10749,23,9.0,29,0
10750,67,14.0,23,0.2
10750,54,7.45,8,0.25
10750,48,12.75,26,0.2
10750,6,25.0,12,0
10751,18,62.5,30,0
10751,33,2.5,10,0.2
10751,62,49.3,9,0.05
10751,30,25.89,1,0
10752,67,14.0,23,0.15
10752,16,17.45,14,0.15
10752,1,18.0,4,0
10752,49,20.0,14,0.1
10752,27,43.9,9,0.2
10753,47,9.5,18,0.25
10753,36,19.0,6,0.15
10753,51,53.0,18,0.25
10753,27,43.9,9,0.1
10753,53,32.8,19,0.15
10754,18,62.5,26,0
10754,16,17.45,4,0.05
10754,30,25.89,17,0.2
10754,58,13.25,26,0.15
10755,7,30.0,27,0
10755,21,10.0,16,0.2
10755,50,16.25,3,0
10755,1,18.0,9,0.05
10755,12,38.0,12,0
10756,5,21.35,23,0
10756,50,16.25,25,0
10756,52,7.0,21,0.25
10756,67,14.0,15,0
10756,37,26.0,7,0.1
10757,5,21.35,17,0.05
10757,77,13.0,20,0
10758,47,9.5,8,0
10759,12,38.0,25,0.2
10759,36,19.0,12,0.2
10760,76,18.0,24,0
10760,26,31.23,30,0
10760,67,14.0,18,0.1
10760,2,19.0,24,0.15
10761,36,19.0,15,0.2
10761,29,123.79,19,0
10761,25,14.0,9,0
10762,65,21.05,17,0.1
10762,14,23.25,11,0
10762,72,34.8,26,0.1
10762,10,31.0,29,0.1
10763,49,20.0,25,0.15
10763,73,15.0,25,0.25
10763,62,49.3,22,0.25
10763,32,32.0,29,0
10764,15,15.5,21,0.05
10764,34,14.0,22,0.05
10764,9,97.0,26,0.15
10764,49,20.0,14,0.15
10765,69,36.0,3,0.2
10765,2,19.0,22,0.15
10765,34,14.0,3,0
10765,32,32.0,16,0.15
10765,37,26.0,12,0.05
10766,35,18.0,8,0.05
10766,24,4.5,28,0.1
10766,25,14.0,7,0.05
10766,64,33.25,7,0.05
10766,26,31.23,27,0.15
10767,14,23.25,30,0
10767,16,17.45,22,0.25
10768,1,18.0,20,0.15
10768,70,15.0,16,0.1
10768,6,25.0,16,0
10768,62,49.3,25,0.1
10768,48,12.75,13,0.05
10769,17,39.0,18,0
10769,7,30.0,17,0.15
10769,68,12.5,13,0
10769,55,24.0,15,0
10769,62,49.3,23,0.25
10770,2,19.0,19,0
10770,27,43.9,11,0.15
10770,49,20.0,20,0.1
10771,71,21.5,8,0.1
10771,34,14.0,16,0.15
10772,24,4.5,7,0.2
10772,64,33.25,23,0.15
10772,55,24.0,12,0.2
10773,58,13.25,5,0.05
10773,24,4.5,27,0
10773,74,10.0,24,0.1
10774,72,34.8,28,0.2
10774,56,38.0,7,0
10775,61,28.5,6,0.2
10775,2,19.0,16,0
10776,69,36.0,18,0
10776,41,9.65,13,0
10776,63,43.9,23,0
10776,39,18.0,2,0.05
10776,33,2.5,27,0.1
10777,13,6.0,12,0.15
10777,58,13.25,18,0.1
10777,43,46.0,12,0
10777,34,14.0,14,0
10778,26,31.23,6,0.1
10778,74,10.0,12,0.15
10778,69,36.0,22,0.25
10779,11,21.0,21,0
10779,49,20.0,28,0
10779,37,26.0,21,0.15
10779,60,34.0,14,0.2
10780,11,21.0,6,0.15
10781,41,9.65,23,0.1
10781,38,263.5,20,0.2
10782,57,19.5,17,0.25
10782,47,9.5,14,0
10782,76,18.0,6,0
10783,31,12.5,24,0
10783,33,2.5,7,0
10784,14,23.25,18,0
10784,13,6.0,1,0.2
10784,9,97.0,17,0
10784,61,28.5,4,0.1
10785,20,81.0,8,0.1
10785,11,21.0,15,0
10785,50,16.25,5,0
10785,40,18.4,1,0
10785,30,25.89,22,0.15
10786,61,28.5,30,0.1
10786,60,34.0,18,0.25
10786,70,15.0,5,0
10787,77,13.0,21,0.1
10787,59,55.0,30,0.15
10787,73,15.0,16,0.05
10787,56,38.0,26,0
10787,68,12.5,15,0.1
10788,53,32.8,10,0
10788,34,14.0,1,0
10788,20,81.0,12,0.1
10789,69,36.0,10,0
10789,2,19.0,25,0.2
10789,63,43.9,26,0.1
10789,62,49.3,20,0.05
10790,71,21.5,12,0.05
10791,72,34.8,6,0.2
10791,56,38.0,27,0.2
10791,51,53.0,8,0.1
10791,32,32.0,3,0.2
10792,67,14.0,10,0.1
10792,35,18.0,14,0.05
10793,24,4.5,5,0.1
10794,59,55.0,20,0.25
10795,63,43.9,1,0
10795,25,14.0,2,0
10795,42,14.0,6,0
10796,35,18.0,24,0
10796,17,39.0,8,0
10796,57,19.5,5,0
10797,28,45.6,26,0.25
10797,44,19.45,12,0.25
10797,54,7.45,23,0
10797,40,18.4,11,0
10798,8,40.0,25,0.2
10798,35,18.0,3,0.25
10799,25,14.0,27,0.2
10799,33,2.5,27,0
10800,32,32.0,13,0.25
10801,5,21.35,15,0
10801,26,31.23,17,0.05
10802,50,16.25,21,0
10802,40,18.4,24,0
10802,42,14.0,9,0.25
10802,21,10.0,21,0.1
10803,47,9.5,28,0.05
10803,7,30.0,4,0.05
10804,42,14.0,19,0
10804,2,19.0,13,0.05
10804,22,21.0,1,0
10804,36,19.0,19,0.25
10805,20,81.0,16,0
10805,48,12.75,22,0.15
10805,12,38.0,30,0
10805,32,32.0,2,0.15
10805,21,10.0,21,0
10806,14,23.25,18,0.15
10806,17,39.0,26,0.25
10806,63,43.9,24,0.05
10806,30,25.89,1,0.2
10806,41,9.65,12,0
10807,6,25.0,18,0.1
10807,63,43.9,18,0.25
10807,57,19.5,7,0
10808,45,9.5,30,0
10808,42,14.0,3,0
10808,60,34.0,15,0.1
10808,36,19.0,27,0.1
10808,77,13.0,18,0.15
10809,1,18.0,29,0
10809,65,21.05,20,0.15
10809,49,20.0,25,0.05
10809,24,4.5,11,0
10810,50,16.25,5,0.1
10810,25,14.0,11,0.2
10810,68,12.5,21,0.15
10810,64,33.25,4,0
10810,71,21.5,17,0
10811,17,39.0,6,0
10812,14,23.25,7,0
10812,63,43.9,2,0.2
10813,68,12.5,12,0.05
10813,76,18.0,20,0
10813,33,2.5,1,0.05
10813,7,30.0,21,0.25
10814,60,34.0,26,0
10815,72,34.8,26,0
10815,54,7.45,27,0.1
10815,48,12.75,17,0
10816,39,18.0,3,0.05
10817,13,6.0,7,0.05
10817,30,25.89,19,0
10817,69,36.0,18,0.2
10817,50,16.25,24,0
10817,25,14.0,25,0.15
10818,55,24.0,18,0.2
10818,14,23.25,17,0.15
10818,22,21.0,22,0
10818,24,4.5,18,0.25
10819,41,9.65,28,0.15
10819,71,21.5,14,0.2
10819,42,14.0,27,0.15
10820,31,12.5,25,0.1
10820,73,15.0,12,0.25
10820,70,15.0,15,0.2
10820,28,45.6,1,0
10820,49,20.0,10,0
10821,18,62.5,28,0.15
10821,39,18.0,1,0.1
10821,1,18.0,30,0
10821,29,123.79,4,0
10821,28,45.6,15,0.15
10822,18,62.5,12,0.05
10822,34,14.0,8,0.1
10823,12,38.0,19,0.05
10823,74,10.0,24,0
10823,52,7.0,24,0.15
10824,23,9.0,20,0.1
10824,63,43.9,2,0.2
10824,74,10.0,3,0
10824,13,6.0,30,0.15
10825,56,38.0,28,0.05
10825,54,7.45,24,0
10825,16,17.45,21,0.2
10826,40,18.4,17,0
10827,70,15.0,11,0.05
10827,73,15.0,5,0
10827,20,81.0,22,0.2
10828,77,13.0,8,0.2
10828,74,10.0,10,0.2
10828,65,21.05,5,0
10828,12,38.0,11,0
10829,74,10.0,9,0
10829,7,30.0,13,0.2
10829,71,21.5,25,0
10829,52,7.0,25,0
10830,72,34.8,21,0.05
10830,26,31.23,18,0.05
10830,63,43.9,8,0
10830,51,53.0,9,0.2
10831,74,10.0,22,0.2
10831,12,38.0,14,0.15
10831,15,15.5,12,0.05
10832,45,9.5,25,0.1
10832,77,13.0,6,0.15
10832,4,22.0,20,0.25
10833,19,9.2,22,0.15
10833,57,19.5,5,0
10833,6,25.0,4,0
10833,30,25.89,8,0
10833,26,31.23,28,0.1
10834,44,19.45,23,0
10835,58,13.25,11,0.05
10835,61,28.5,24,0.05
10835,3,10.0,7,0.1
10836,62,49.3,29,0
10836,19,9.2,9,0
10836,3,10.0,2,0.1
10836,49,20.0,7,0.1
10836,75,7.75,2,0.25
10837,9,97.0,13,0.1
10838,14,23.25,28,0.2
10838,3,10.0,8,0.2
10838,38,263.5,17,0
10839,63,43.9,3,0
10839,77,13.0,7,0.25
10839,69,36.0,18,0
10840,32,32.0,30,0.1
10841,63,43.9,1,0.15
10841,51,53.0,22,0.15
10841,21,10.0,12,0.1
10842,65,21.05,26,0
10842,36,19.0,21,0.1
10843,4,22.0,5,0.15
10843,72,34.8,29,0.2
10843,36,19.0,22,0
10843,29,123.79,3,0.2
10844,30,25.89,14,0.1
10844,54,7.45,30,0.15
10844,31,12.5,15,0
10844,74,10.0,7,0
10844,20,81.0,19,0.05
10845,40,18.4,30,0
10845,68,12.5,14,0
10846,21,10.0,24,0
10846,41,9.65,6,0.15
10846,9,97.0,27,0
10846,72,34.8,24,0
10846,69,36.0,25,0.15
10847,53,32.8,5,0.05
10847,39,18.0,4,0
10847,57,19.5,6,0
10847,36,19.0,25,0.1
10848,73,15.0,3,0.25
10848,30,25.89,5,0.25
10848,77,13.0,23,0.15
10848,4,22.0,6,0.2
10848,46,12.0,16,0.25
10849,21,10.0,8,0
10849,25,14.0,14,0
10850,53,32.8,25,0.05
10850,29,123.79,3,0
10850,26,31.23,30,0.25
10851,63,43.9,13,0
10851,42,14.0,20,0.2
10851,59,55.0,24,0.15
10851,32,32.0,13,0
10851,55,24.0,17,0
10852,59,55.0,18,0.2
10852,6,25.0,24,0
10852,32,32.0,18,0.2
10852,67,14.0,17,0
10853,38,263.5,13,0.1
10853,57,19.5,25,0.1
10854,22,21.0,23,0
10854,55,24.0,15,0.25
10854,38,263.5,3,0
10854,7,30.0,6,0
10855,53,32.8,6,0.25
10855,42,14.0,19,0.05
10855,58,13.25,29,0.25
10855,4,22.0,3,0.1
10856,21,10.0,4,0.25
10856,16,17.45,21,0.15
10856,12,38.0,3,0.2
10857,21,10.0,30,0.15
10857,49,20.0,19,0
10857,71,21.5,6,0
10857,6,25.0,6,0
10857,22,21.0,14,0.1
10858,58,13.25,4,0
10858,37,26.0,7,0
10858,24,4.5,20,0.1
10859,59,55.0,16,0.25
10860,1,18.0,22,0.25
10860,64,33.25,15,0.2
10860,31,12.5,15,0
10860,28,45.6,20,0
10860,76,18.0,8,0.1
10861,72,34.8,2,0.15
10861,27,43.9,2,0
10861,7,30.0,28,0
10861,24,4.5,22,0.1
10861,19,9.2,11,0
10862,14,23.25,14,0
10863,37,26.0,19,0
10863,77,13.0,15,0.15
10864,12,38.0,25,0.1
10865,48,12.75,25,0.2
10865,49,20.0,27,0
10865,9,97.0,10,0.25
10866,16,17.45,11,0.2
10866,36,19.0,17,0.05
10867,8,40.0,19,0
10867,14,23.25,16,0.1
10868,41,9.65,20,0.15
10868,34,14.0,30,0
10868,68,12.5,20,0.25
10868,74,10.0,17,0.25
10869,24,4.5,1,0
10869,30,25.89,1,0.25
10869,38,263.5,21,0
10869,25,14.0,24,0.05
10870,54,7.45,18,0.05
10870,53,32.8,1,0.05
10870,6,25.0,23,0.1
10870,43,46.0,9,0
10870,45,9.5,10,0.1
10871,71,21.5,11,0.2
10871,42,14.0,24,0
10871,1,18.0,27,0
10871,15,15.5,7,0.15
10871,43,46.0,27,0.15
10872,61,28.5,5,0.25
10872,5,21.35,29,0.15
10872,18,62.5,15,0.2
10872,62,49.3,30,0
10873,39,18.0,1,0.05
10873,73,15.0,19,0.15
10873,41,9.65,26,0.15
10873,72,34.8,3,0
10873,69,36.0,9,0
10874,49,20.0,19,0.2
10874,69,36.0,6,0
10874,22,21.0,28,0.1
10875,5,21.35,3,0.25
10875,35,18.0,29,0.05
10875,53,32.8,12,0.25
10876,28,45.6,6,0
10876,68,12.5,12,0
10876,39,18.0,25,0.05
10877,57,19.5,17,0
10878,65,21.05,30,0.25
10878,20,81.0,24,0.1
10878,25,14.0,25,0.15
10878,44,19.45,5,0
10879,17,39.0,23,0
10879,27,43.9,1,0.1
10879,5,21.35,30,0
10879,59,55.0,22,0
10879,50,16.25,11,0.25
10880,14,23.25,17,0.1
10881,74,10.0,25,0.1
10882,42,14.0,7,0.1
10882,26,31.23,9,0.15
10883,16,17.45,9,0
10883,35,18.0,1,0
10883,20,81.0,7,0.15
10883,21,10.0,18,0.15
10884,19,9.2,8,0
10884,37,26.0,3,0.1
10884,74,10.0,20,0.15
10885,57,19.5,29,0
10885,7,30.0,4,0.2
10885,17,39.0,2,0
10885,4,22.0,14,0.2
10885,61,28.5,6,0.25
10886,46,12.0,3,0.25
10886,40,18.4,19,0
10886,43,46.0,3,0.25
10886,26,31.23,4,0.25
10886,69,36.0,10,0.25
10887,30,25.89,30,0.15
10887,29,123.79,13,0
10887,19,9.2,23,0.15
10887,34,14.0,26,0.15
10888,63,43.9,4,0.15
10888,4,22.0,16,0.25
10888,9,97.0,28,0
10888,61,28.5,10,0.15
10889,74,10.0,27,0
10889,17,39.0,11,0
10889,66,17.0,26,0.1
10889,14,23.25,18,0.25
10889,52,7.0,13,0.2
10890,32,32.0,6,0.25
10890,71,21.5,13,0
10891,27,43.9,26,0.2
10891,76,18.0,19,0.15
10891,56,38.0,18,0.05
10892,10,31.0,27,0.25
10892,74,10.0,4,0.25
10893,72,34.8,6,0.1
10893,13,6.0,13,0
10893,57,19.5,20,0
10894,49,20.0,7,0
10894,42,14.0,29,0
10894,64,33.25,25,0
10894,8,40.0,22,0
10894,12,38.0,15,0.1
10895,74,10.0,22,0.15
10895,58,13.25,10,0.1
10895,26,31.23,30,0.2
10895,27,43.9,23,0.15
10896,75,7.75,1,0.2
10897,38,263.5,12,0
10897,8,40.0,1,0.15
10898,37,26.0,28,0
10899,56,38.0,13,0.15
10899,76,18.0,23,0.2
10900,49,20.0,22,0
10900,56,38.0,16,0
10900,70,15.0,7,0.2
10900,28,45.6,27,0.15
10901,20,81.0,1,0
10901,37,26.0,21,0
10901,17,39.0,5,0.25
10901,18,62.5,22,0.2
10902,11,21.0,21,0.2
10902,18,62.5,28,0.25
10903,55,24.0,27,0.25
10903,24,4.5,13,0.15
10903,59,55.0,8,0
10903,66,17.0,14,0
10903,71,21.5,19,0.25
10904,65,21.05,14,0.15
10904,35,18.0,2,0
10905,62,49.3,5,0.1
10905,48,12.75,15,0
10905,15,15.5,17,0
10905,75,7.75,8,0.25
10905,11,21.0,21,0
10906,75,7.75,25,0
10906,40,18.4,16,0.25
10906,7,30.0,17,0.25
10906,44,19.45,19,0.15
10906,69,36.0,14,0.15
10907,38,263.5,23,0.1
10907,22,21.0,24,0.1
10907,5,21.35,2,0.25
10908,22,21.0,10,0.25
10908,74,10.0,3,0
10908,7,30.0,17,0
10908,38,263.5,28,0.1
10908,4,22.0,9,0
10909,36,19.0,30,0
10909,33,2.5,22,0.25
10909,2,19.0,12,0
10909,15,15.5,9,0.05
10909,23,9.0,16,0
10910,5,21.35,30,0
10910,44,19.45,27,0.25
10910,11,21.0,25,0.2
10910,19,9.2,25,0.2
10910,77,13.0,8,0.25
10911,27,43.9,24,0.15
10911,74,10.0,2,0.1
10912,7,30.0,6,0.25
10913,61,28.5,13,0.2
10913,39,18.0,16,0.1
10913,69,36.0,5,0.2
10913,30,25.89,1,0.1
10914,49,20.0,4,0.15
10914,41,9.65,28,0.2
10914,68,12.5,20,0.1
10914,6,25.0,11,0.1
10915,13,6.0,13,0.25
10915,33,2.5,25,0.05
10915,75,7.75,24,0.05
10916,44,19.45,22,0
10916,24,4.5,27,0
10916,41,9.65,1,0.2
10916,71,21.5,4,0
10916,2,19.0,22,0.25
10917,29,123.79,7,0
10917,37,26.0,1,0
10917,33,2.5,2,0.05
10918,16,17.45,26,0
10918,12,38.0,29,0
10918,17,39.0,23,0
10918,49,20.0,9,0.1
10918,73,15.0,15,0
10919,36,19.0,6,0
10919,55,24.0,9,0
10919,42,14.0,13,0.2
10919,33,2.5,11,0
10920,34,14.0,3,0.25
10920,23,9.0,30,0.05
10920,57,19.5,20,0.2
10921,63,43.9,5,0.2
10921,14,23.25,7,0
10922,34,14.0,3,0.1
10922,14,23.25,25,0.25
10922,5,21.35,1,0.25
10922,10,31.0,5,0
10923,50,16.25,9,0
10924,51,53.0,17,0.25
10924,74,10.0,16,0.2
10924,1,18.0,13,0
10925,29,123.79,19,0.15
10925,1,18.0,11,0.1
10925,50,16.25,13,0
10925,62,49.3,21,0
10925,16,17.45,12,0.15
10926,59,55.0,25,0.1
10927,23,9.0,2,0.2
10927,71,21.5,22,0.05
10928,50,16.25,16,0
10928,14,23.25,29,0.25
10928,46,12.0,24,0.05
10929,5,21.35,1,0.05
10929,25,14.0,16,0.2
10930,70,15.0,21,0.1
10931,69,36.0,11,0
10931,58,13.25,11,0
10931,3,10.0,13,0
10931,5,21.35,7,0.25
10932,20,81.0,24,0
10932,75,7.75,16,0
10932,30,25.89,16,0
10932,10,31.0,8,0
10932,5,21.35,1,0
10933,40,18.4,27,0
10934,22,21.0,4,0.25
10934,76,18.0,20,0.05
10934,9,97.0,3,0.05
10934,14,23.25,14,0.15
10935,42,14.0,5,0.15
10935,16,17.45,27,0.05
10935,74,10.0,25,0
10935,70,15.0,19,0
10936,9,97.0,5,0.2
10936,16,17.45,6,0.15
10936,36,19.0,18,0
10937,32,32.0,4,0.2
10937,75,7.75,25,0
10937,6,25.0,1,0.25
10937,18,62.5,3,0
10938,23,9.0,30,0
10939,37,26.0,5,0.1
10939,54,7.45,17,0.25
10939,61,28.5,14,0.05
10939,17,39.0,6,0
10939,27,43.9,20,0
10940,12,38.0,1,0.05
10940,39,18.0,7,0
10940,45,9.5,17,0
10940,54,7.45,20,0.15
10941,65,21.05,2,0.05
10941,29,123.79,4,0
10941,60,34.0,22,0.25
10941,27,43.9,16,0
10941,36,19.0,6,0
10942,47,9.5,10,0.05
10943,33,2.5,4,0
10943,43,46.0,30,0
10943,59,55.0,6,0
10943,6,25.0,16,0
10944,31,12.5,24,0.25
10945,75,7.75,25,0
10945,42,14.0,11,0.05
10945,54,7.45,4,0.05
10945,26,31.23,24,0.2
10945,30,25.89,28,0.05
10946,29,123.79,16,0
10946,10,31.0,29,0.2
10946,61,28.5,5,0.05
10946,75,7.75,30,0.25
10947,50,16.25,5,0.25
10947,48,12.75,24,0.05
10948,35,18.0,5,0
10948,26,31.23,23,0
10948,43,46.0,9,0
10949,60,34.0,15,0.2
10950,44,19.45,29,0.1
10950,29,123.79,20,0
10951,22,21.0,14,0.25
10951,74,10.0,28,0.05
10951,71,21.5,19,0.25
10951,30,25.89,27,0.25
10951,12,38.0,9,0
10952,32,32.0,8,0
10952,42,14.0,30,0
10952,56,38.0,14,0
10952,75,7.75,2,0.25
10953,5,21.35,26,0
10953,55,24.0,15,0.25
10953,68,12.5,8,0
10953,51,53.0,18,0
10953,62,49.3,23,0.2
10954,17,39.0,10,0.05
10954,46,12.0,21,0
10955,62,49.3,22,0.1
10956,59,55.0,24,0
10956,74,10.0,15,0.25
10957,52,7.0,26,0.15
10957,24,4.5,21,0.25
10958,10,31.0,13,0.15
10959,5,21.35,19,0.05
10959,38,263.5,26,0
10959,55,24.0,20,0.15
10959,35,18.0,24,0
10959,70,15.0,17,0.15
10960,15,15.5,13,0.15
10961,6,25.0,23,0
10961,47,9.5,18,0.05
10961,23,9.0,5,0.15
10961,72,34.8,8,0
10962,75,7.75,12,0.1
10962,27,43.9,17,0.2
10962,29,123.79,9,0
10962,42,14.0,3,0.15
10963,58,13.25,17,0
10963,63,43.9,16,0.1
10963,65,21.05,15,0.15
10964,25,14.0,29,0.25
10965,11,21.0,13,0
10966,10,31.0,9,0
10966,14,23.25,23,0
10966,22,21.0,16,0
10967,67,14.0,10,0.2
10967,3,10.0,22,0
10968,45,9.5,10,0.05
10968,54,7.45,3,0
10968,57,19.5,28,0.05
10968,3,10.0,27,0.15
10969,75,7.75,19,0.25
10969,44,19.45,15,0.1
10969,42,14.0,19,0
10969,63,43.9,29,0.1
10970,34,14.0,16,0.15
10970,30,25.89,10,0
10971,46,12.0,15,0
10971,37,26.0,20,0
10972,37,26.0,8,0
10972,24,4.5,2,0.15
10972,23,9.0,19,0
10972,20,81.0,15,0.1
10972,21,10.0,12,0
10973,72,34.8,22,0.15
10973,5,21.35,12,0
10974,58,13.25,18,0.1
10974,70,15.0,4,0
10974,21,10.0,13,0.25
10975,59,55.0,5,0
10975,41,9.65,24,0.15
10976,61,28.5,22,0
10976,38,263.5,26,0.25
10976,74,10.0,11,0
10977,6,25.0,10,0
10977,18,62.5,13,0.05
10977,71,21.5,15,0.15
10977,15,15.5,3,0.15
10978,25,14.0,19,0.05
10979,26,31.23,18,0.25
10979,3,10.0,22,0
10979,11,21.0,17,0.2
10980,63,43.9,20,0
10980,41,9.65,30,0.15
10981,19,9.2,12,0
10981,55,24.0,10,0.15
10981,48,12.75,12,0.1
10981,50,16.25,15,0
10982,57,19.5,26,0.25
10982,54,7.45,10,0
10983,54,7.45,3,0
10983,18,62.5,7,0.1
10983,76,18.0,16,0.15
10983,77,13.0,3,0.2
10984,1,18.0,14,0.1
10985,23,9.0,25,0
10985,72,34.8,7,0
10985,60,34.0,27,0.2
10985,73,15.0,10,0.25
10986,39,18.0,27,0.1
10987,72,34.8,26,0
10987,60,34.0,5,0.1
10987,29,123.79,10,0.25
10987,4,22.0,4,0.1
10988,23,9.0,4,0.1
10988,63,43.9,16,0
10988,32,32.0,20,0.15
10988,4,22.0,19,0.25
10989,56,38.0,17,0
10989,34,14.0,28,0.1
10989,61,28.5,6,0
10989,16,17.45,5,0.15
10989,48,12.75,15,0
10990,21,10.0,12,0.2
10990,7,30.0,21,0.15
10990,35,18.0,2,0.1
10991,68,12.5,7,0
10991,10,31.0,25,0
10991,66,17.0,20,0
10992,42,14.0,4,0.15
10992,41,9.65,27,0
10992,39,18.0,1,0
10992,35,18.0,17,0.1
10992,47,9.5,12,0.25
10993,44,19.45,5,0.05
10993,21,10.0,27,0.05
10993,14,23.25,26,0
10993,28,45.6,14,0.25
10994,15,15.5,27,0
10995,62,49.3,12,0.1
10996,18,62.5,17,0.15
10996,57,19.5,6,0.1
10996,77,13.0,1,0
10997,17,39.0,23,0.05
10997,19,9.2,10,0
10998,17,39.0,14,0
10998,11,21.0,3,0
10999,56,38.0,2,0
10999,6,25.0,16,0
10999,26,31.23,30,0.1
10999,14,23.25,2,0
11000,2,19.0,30,0.05
11000,13,6.0,19,0.05
11000,16,17.45,6,0.15
11001,12,38.0,5,0.1
11002,45,9.5,17,0
11002,46,12.0,4,0
11002,21,10.0,17,0.05
11002,65,21.05,23,0.05
11002,31,12.5,10,0
11003,1,18.0,12,0
11003,13,6.0,15,0
11003,28,45.6,6,0.15
11003,65,21.05,13,0.2
11003,61,28.5,7,0.05
11004,15,15.5,4,0
11004,41,9.65,16,0.15
11004,16,17.45,23,0.1
11004,60,34.0,18,0
11005,42,14.0,16,0
11006,37,26.0,22,0.25
11006,59,55.0,8,0.2
11006,77,13.0,10,0.2
11006,40,18.4,7,0
11007,48,12.75,22,0
11007,23,9.0,13,0.25
11007,2,19.0,17,0
11007,63,43.9,4,0
11008,52,7.0,3,0.15
11008,76,18.0,7,0.15
11008,14,23.25,7,0.2
11008,22,21.0,4,0.05
11009,64,33.25,9,0.2
11009,36,19.0,12,0.25
11009,75,7.75,22,0.2
11009,76,18.0,16,0.1
11010,59,55.0,4,0.1
11010,14,23.25,16,0.25
11011,18,62.5,4,0
11011,4,22.0,27,0
11012,4,22.0,5,0.1
11012,23,9.0,20,0
11012,49,20.0,25,0
11012,42,14.0,22,0.25
11013,26,31.23,17,0.1
11013,38,263.5,18,0.15
11013,64,33.25,26,0
11013,63,43.9,25,0
11014,16,17.45,28,0.2
11014,50,16.25,15,0.25
11014,58,13.25,2,0
11014,41,9.65,6,0.1
11015,63,43.9,5,0.1
11015,56,38.0,23,0.2
11016,15,15.5,22,0.25
11016,73,15.0,16,0
11016,63,43.9,17,0
11016,71,21.5,13,0.1
11017,76,18.0,11,0
11017,49,20.0,1,0
11017,46,12.0,5,0.15
11017,37,26.0,12,0
11018,49,20.0,12,0.15
11018,13,6.0,14,0.15
11018,55,24.0,2,0.05
11019,31,12.5,19,0
11019,40,18.4,30,0
11020,15,15.5,1,0.15
11020,44,19.45,2,0.25
11020,22,21.0,22,0.2
11021,66,17.0,19,0
11021,54,7.45,11,0.2
11021,35,18.0,19,0.2
11021,3,10.0,11,0
11021,61,28.5,26,0.25
11022,27,43.9,11,0.25
11023,44,19.45,7,0.25
11023,22,21.0,21,0
11023,39,18.0,27,0.05
11023,47,9.5,10,0.1
11023,56,38.0,2,0.1
11024,52,7.0,19,0.15
11024,29,123.79,9,0
11024,12,38.0,19,0.25
11024,75,7.75,14,0.05
11024,13,6.0,12,0
11025,65,21.05,22,0.15
11025,39,18.0,7,0.2
11025,56,38.0,13,0.1
11026,66,17.0,21,0
11026,59,55.0,19,0.25
11026,71,21.5,7,0.25
11026,24,4.5,9,0.2
11026,3,10.0,30,0
11027,26,31.23,5,0.1
11027,47,9.5,28,0.2
11027,60,34.0,14,0.15
11027,19,9.2,28,0
11027,31,12.5,21,0.05
11028,35,18.0,22,0.05
11028,37,26.0,13,0.05
11028,21,10.0,4,0
11028,33,2.5,7,0
11029,40,18.4,16,0.2
11029,60,34.0,14,0
11030,21,10.0,5,0
11030,35,18.0,9,0.1
11031,23,9.0,28,0
11031,6,25.0,11,0.1
11031,63,43.9,28,0
11031,3,10.0,29,0.2
11031,8,40.0,29,0.15
11032,51,53.0,27,0
11033,15,15.5,24,0
11033,74,10.0,17,0.1
11034,12,38.0,25,0.15
11034,31,12.5,11,0.2
11034,77,13.0,26,0.05
11034,16,17.45,30,0.2
11035,19,9.2,6,0.05
11035,14,23.25,9,0.25
11036,33,2.5,18,0.15
11036,76,18.0,23,0
11036,8,40.0,11,0.2
11036,63,43.9,16,0.05
11037,19,9.2,23,0.15
11037,47,9.5,27,0.1
11037,61,28.5,1,0
11038,31,12.5,9,0.2
11039,47,9.5,28,0.05
11039,16,17.45,28,0.25
11039,69,36.0,13,0
11040,33,2.5,10,0.05
11040,39,18.0,28,0
11040,12,38.0,30,0.25
11040,31,12.5,21,0.15
11041,5,21.35,16,0.2
11041,36,19.0,30,0.15
11041,11,21.0,23,0.2
11041,63,43.9,29,0
11042,34,14.0,3,0.15
11042,65,21.05,14,0.15
11043,4,22.0,26,0
11043,7,30.0,1,0.2
11043,24,4.5,7,0.1
11043,57,19.5,11,0
11044,21,10.0,8,0
11045,53,32.8,9,0
11045,41,9.65,22,0.15
11045,58,13.25,26,0.1
11045,62,49.3,7,0
11045,18,62.5,14,0.15
11046,51,53.0,27,0.05
11046,49,20.0,1,0
11047,30,25.89,23,0
11047,12,38.0,2,0.2
11047,60,34.0,20,0.2
11047,26,31.23,20,0.1
11047,34,14.0,5,0
11048,22,21.0,1,0.2
11048,73,15.0,25,0.25
11048,16,17.45,27,0.25
11049,29,123.79,23,0.05
11050,35,18.0,24,0.25
11050,37,26.0,13,0
11051,27,43.9,24,0.05
11051,77,13.0,14,0
11051,28,45.6,14,0
11051,37,26.0,1,0.1
11052,31,12.5,12,0.25
11052,58,13.25,3,0
11052,32,32.0,16,0
11053,51,53.0,23,0.2
11053,28,45.6,24,0.1
11053,50,16.25,3,0
11054,8,40.0,30,0.15
11054,7,30.0,20,0
11054,43,46.0,1,0.1
11054,31,12.5,17,0.2
11054,61,28.5,10,0.2
11055,17,39.0,19,0
11055,72,34.8,9,0
11055,6,25.0,17,0.25
11056,60,34.0,11,0.2
11056,17,39.0,5,0.1
11056,12,38.0,4,0.15
11057,17,39.0,16,0.1
11058,56,38.0,20,0.1
11058,37,26.0,17,0.15
11058,34,14.0,14,0
11059,63,43.9,28,0.25
11059,20,81.0,2,0.05
11059,72,34.8,5,0
11060,24,4.5,16,0.1
11060,5,21.35,6,0.25
11061,15,15.5,12,0.25
11061,64,33.25,15,0.25
11061,6,25.0,4,0
11061,57,19.5,4,0.15
11062,27,43.9,28,0.1
11063,22,21.0,27,0.1
11063,66,17.0,19,0.05
11064,1,18.0,30,0
11064,68,12.5,8,0.25
11064,74,10.0,22,0
11064,24,4.5,29,0.15
11064,54,7.45,1,0.1
11065,51,53.0,12,0
11066,20,81.0,15,0.25
11066,4,22.0,15,0.1
11066,11,21.0,20,0
11067,6,25.0,24,0
11067,58,13.25,7,0
11067,42,14.0,26,0.1
11068,8,40.0,20,0.2
11068,10,31.0,3,0.2
11068,71,21.5,9,0
11069,52,7.0,1,0.05
11069,12,38.0,6,0.2
11070,37,26.0,16,0.2
11070,20,81.0,24,0.1
11070,16,17.45,29,0
11070,39,18.0,12,0
11071,66,17.0,15,0.2
11071,26,31.23,16,0.1
11071,63,43.9,19,0.2
11072,55,24.0,26,0.15
11073,24,4.5,17,0.15
11073,56,38.0,15,0.05
11073,55,24.0,21,0
11073,12,38.0,30,0.25
11073,6,25.0,17,0
11074,60,34.0,30,0.25
11074,56,38.0,10,0
11074,11,21.0,5,0.1
11075,67,14.0,10,0
11075,55,24.0,18,0
11076,66,17.0,4,0.2
11077,13,6.0,12,0.1
11077,60,34.0,19,0
11077,73,15.0,25,0
11077,33,2.5,4,0.25
